{"minzoom":0,"maxzoom":8,"center":[111.796875,-7.710418,8.0],"bounds":[95.0,-15.0,145.0,10.0]}