{"minzoom":0,"maxzoom":9,"center":[110.742187,-7.36233,9.0],"bounds":[95.0,-15.0,145.0,10.0]}